{"train": [5.454934597015381, 5.165815353393555, 5.070774555206299, 5.016493797302246, 4.981201648712158, 4.955399990081787, 4.935591697692871, 4.9229817390441895, 4.90922212600708, 4.897403240203857], "val": [5.1943559646606445, 5.087225914001465, 5.039025783538818, 5.0061116218566895, 4.9946417808532715, 4.992706775665283, 5.003136157989502, 4.991179466247559, 4.98492431640625, 4.984303951263428]}